"title","startDate","endDate","location","content"
"리드볼트 팝업 : 아 출근하기 싫다",25.08.23,25.08.31,"서울 성동구 연무장길 5-5, MOVIE LAND 성수",영화 상영과 여행 소장품 및 굿즈를 만나볼 수 있는 특별한 공간. 주말에만 운영되니 서둘러 방문하세요!
"커리쉴 팝업 CENTELLA LAB","25.08.27","25.09.02","서울 성동구 연무장길 81, 무신사 뷰티 스페이스 1","두피·모발 진단부터 럭키드로우, 샘플링까지! 헤어케어에 관심 있다면 필수 방문 코스."
"DAY6.zip : The Home of Our Decade","25.09.01","25.09.07","서울 강남구 도산대로15길 35, 신사 지스퀘어","데이식스 10주년 기념 팝업스토어!"
"오도넛 팝업","25.08.27","25.09.07","서울 성동구 연무장길 17","대만 밀크도넛 성수 첫 상륙"
"라로슈포제 50주년 팝업스토어","25.08.29","25.09.07","서울 성동구 연무장길 95, MM성수","라로슈포제 50주년을 맞아, 더 나은 삶을 위한 50년의 연구의 비밀을 담은 라이프-체인징 시크릿 팝업에 초대합니다."
"루트인성수","25.08.29","25.09.07","서울 성동구 성수일로 33 (성수동1가)","패션, 뷰티, 리추얼, 향, 식음, 움직임까지! 나를 이루는 모든 감각을 자유롭게 탐험하는 3층짜리 대형 놀이터"
"오브제 X 두카티 팝업","25.08.27",25.09.07,"서울 성동구 연무장7길 13, 올리브영N성수","남성 색조 브랜드와 명품 모터사이클 브랜드가 만났디!"
"요기보 더현대 서울 팝업",25.08.22,25.09.07,"서울 영등포구 여의대로 108, 더현대 서울 5층","몽환적 무드의 '요기보 가든'과 실제 생활공간 '요기보 룸'을 한 자리에서 체험하고, 대표 빈백, 바디필로우에 직접 체험해보세요."
"크러쉬 X 러쉬 팝업 : Crush with Lush","25.08.28","25.09.07","서울 성동구 연무장길 58-1","크러쉬의 새 앨범 <FANG> 출시를 기념해 러쉬와 특별한 이벤트를 준비했다고 합니다 향기로운 공간에서 크러쉬의 감미로운 음악을 경험해보세요."
"NCT WISH : Find Your Color","25.09.02","25.09.09","서울 성동구 연무장길 65, 영남공업사","NCT WISH 앨범 발매 기념 팝업스토어 OPEN 핑크 사쿠팡 실물 영접할 수 있는 팝업이 찾아왔습니다"
"더보이즈 - LUCKY LITTLE THINGS","25.08.20","25.09.10","서울 성동구 성수이로 69, 삼화빌딩","THE BOYZ 팝업이 성수에 찾아왔어요 성수에서 LUCKY LITTLE THINGS 팝업을 만나보세요!"
"치플레 팝업 - 인천 롯데백화점","25.08.29","25.09.11","인천 미추홀구 연남로 35, 롯데백화점 인천 B1층","서울 3대 치즈케이크 '치플레'의 인천 롯데백화점 팝업에는 인천에서 처음 선보이는 플레이버 딥브레가 준비되어 있습니다!"
"나가노마켓 - 성수","25.08.29","25.09.14","서울 성동구 연무장길 97 (성수동2가)","한국 한정 컬러곰을 판매하는 나가노 팝업이 성수에 찾아왔습니다"
"달콤한 럭셔리, 하겐다즈 팝업스토어","25.09.05","25.09.14","서울 성동구 연무장길 98","하겐다즈 스틱바의 진정한 럭셔리를 경험할 수 있는 팝업스토어 세상에서 가장 달콤한 럭셔리 열차 Sweet Express에 지금 바로 탑승하세요"
"로라로라 팝업","25.08.12","25.09.14","서울 영등포구 여의대로 108, 더현대서울","프렌치 무드의 뉴웨이브 클래식 라이프 스타일 브랜드 로라로라가 더현대 서울에 작은 별장을 마련했습니다. 로라로라의 감성이 머무는 공간에서 가을의 여유로운 순간을 즐겨보세요."
"2025 짱구 팝업 - 청주","25.08.29","25.09.14","충북 청주시 흥덕구 2순환로 1225","2025년 짱구 팝업 스토어, 이번엔 숨바꼭질 컨셉으로 짱덕들을 찾아갑니다 두 번째 숨바꼭질 장소는 청주!"
"아르켓 팝업 스토어","25.09.06","25.09.14","서울 성동구 성수이로 97 1층","ARKET 팝업 스토어가 성수에 오픈합니다. 오직 팝업 스토어에서만 만날 수 있는 한정 캡슐 컬렉션과 다양한 커스텀 기프트, 그리고 ARKET 카페 웰컴 드링크까지."
"캐스퍼 취향 충전소","25.09.07","25.09.14","서울 성동구 연무장5길 20, 쎈느Scene 성수","나만의 스타일, 나만의 즐거움을 적극적으로 탐구해 나가는 분들이라면 캐스퍼 취향 충전소에 놀러 오세요!"
"스노우맨 팝업","25.08.30","25.09.14","서울 성동구 연무장길 73","무더운 여름 속, 시원한 설렘을 선사하는 '한여름 속 한겨울', 일본 인기 아이돌 Snow Man의 팝업 스토어에 여러분을 초대합니다."
"풀리오 X 롯데백화점 청량리점","25.09.05","25.09.14","서울 동대문구 왕산로 214, 롯데백화점 청량리점 4층 행사장","풀리오 리올랙스 멀티 체어 오프라인 공개!"
"풀리오 X 롯데백화점 인천점","25.09.05","25.09.15","인천 미추홀구 연남로 35, 롯데백화점 인천점 5층 행사장","롯데백화점 인천점 팝업스토어에서 풀리오 신상품 3종의 체험&판매가 이루어집니다."
"뮤드 팝업 - THE SHAPE MUSEUM","25.09.05","25.09.15","서울 성동구 연무장길 81, 남경빌딩","뮤드의 새로운 컬렉션을 가장 가까이에서 만나볼 수 있도록 준비한 공간. 뮤드만의 뷰티 제품으로 당신에게 선사하는 새로운 영감을 직접 경험해보세요"
"캐릭캐릭체인지 X 러브이즈트루 팝업","25.09.04","25.09.17","서울 성동구 성수이로 74","너의 마음을 UNLOCK할 시간. 러브이즈트루와 캐릭캐릭체인지의 만남! 무신사 대림창고에서 다양한 패션 아이템을 만나보세요"
"코치 무신사 성수 팝업스토어","25.09.04","25.09.17","서울 성동구 성수이로 74","2주간 펼쳐지는 코치 무신사 팝업스토어. 러브드 레더 시리즈 등 코치의 새로운 컬렉션과 랜덤 경품이 담긴 럭키 쿠키 이벤트까지."
"K리그 X 산리오캐릭터즈","25.09.05","25.09.18","경기 수원시 권선구 세화로 134, 타임빌라스 수원점 1층 센터홀","K리그와 산리오캐릭터즈가 만났습니다. K리그 전 구단을 만난 산리오캐릭터즈 아이템을 선보입니다."
"하이큐 10주년 기념 전시","25.07.24","25.09.21","서울 성동구 연무장15길 11, S팩토리","<하이큐!! 애니메이션 10주년 기념전>이 성수 에스팩토리에서 개최됩니다."
"대상그룹 핀란드 영양분식","25.09.12","25.09.21","서울 성동구 연무장길 95, MM성수","2025 대상그룹 지식존중(地食尊重). 지역의 식재료로 지역을 새롭게, 가고싶게 <경상북도 영양군>편. 미쉐린 3스타 '강민구'셰프와 흑백요리사 반찬셰프 '송하슬람' 셰프가 경상북도 영양군을 위해 다시 뭉쳤습니다."
"토심이 팝업","25.08.25","25.09.21","서울 성동구 성수일로 47, 송도빌딩","토심이가 뚱땅뚱땅 만들어쥬는 굿즈 스토어 원하는 굿즈를 직접 배치하고 만들 수 있어 더욱 즐거운 팝업!"
"바를인성수","25.09.12","25.09.21","서울 성동구 연무장길 31-1 1층 103호","바를 팝업 스토어, <바를인성수 Barle in Seongsu>에 초대합니다."
"햄뵤랜드 팝업","25.09.12","25.09.21","서울 성동구 연무장19길 4","마마무 문별의 햄뵤랜드 팝업이 찾아왔습니다"
"트리드 팝업","25.09.17","25.09.23","서울 성동구 연무장길 81 (성수동2가)","그동안 온라인에서만 만나볼 수 있었던 트리드가 처음으로 성수에서 팝업 스토어를 오픈합니다. 매화, 난초, 국화, 대나무 향에 이은 트리드의 새로운 향인 '소나무'를 가장 가까이에서 만나보세요!"
"귀멸의칼날 부산 팝업스토어","25.09.11","25.09.24","부산 부산진구 삼정타워 2층 팝업존","귀멸의 칼날을 부산에서도 만나보세요!"
"팝마트 <라부부의 수상한 편의점>","25.09.12","25.09.25","서울 성동구 연무장길 65, LECT","호기심 많고 장난기 가득한 라부부가 우연히 한 평범한 편의점을 발견하고 자신들만의 놀이터로 바꿔놓았어요."
"페이침대 신세계 대전 팝업","25.09.05","25.09.25","대전 유성구 엑스포로 1, 대전신세계 Art&Science","프리미엄 매트리스와 리프트업 프레임 그리고 맞춤 패브릭과 컬러까지. FEY만의 독보적인 기술력과 디테일의 차이를 직접 경험해보세요."
"ITZY 팝업 : ON AIR","25.09.19","25.09.25","서울 성동구 연무장길 97-1 (성수동2가)","ITZY x TWINZY가 기다리고 있다구! 리허설은 끝! 곧 생방송 시작합니다"
"맥심가옥 팝업스토어","25.08.28","25.09.26","경북 경주시 포석로 924","행복, 이리오너라~ 바쁜 일상 잠시 내려놓고 찾아온 당신을 위해, 노란 대문을 활짝 열고 기다립니다."
"닥터마틴 팝업","25.09.18","25.09.28","서울 성동구 성수이로 97 (성수동2가)","닥터마틴 로웰 팝업이 성수에 찾아옵니다 무신사 엠프티 성수에서 특별한 팝업을 만나보세요."
"마파테 팝업","25.09.12","25.09.28","서울 성동구 연무장15길 11 (성수동2가)","호카의 아이코닉 프랜차이즈 MAFATE가 팝업으로 찾아왔습니다 트레일을 넘어, 라이프스타일로 확장된 마파테 시리즈를 성수에서 만나보세요."
"써모스 팝업스토어 : HAPPY ROUTINE DAY","25.09.18","25.09.28","서울 성동구 연무장17길 4","루틴과 함께하는 매일을 되새기고 나만의 방식으로 기념해 보세요. 다시 이어질 일상과 나만의 루틴이 조금 더 새삼스럽고 특별하게 느껴질 거예요."
"스탠리 1913 x JENNIE","25.09.19","25.09.28","서울 성동구 아차산로 116","Stanley 1913 x JENNIE Collection이 선사하는 특별한 순간, 스탠리 팝업에서 직접 경험하세요."
"설화수 팝업 - SECRET HOUSE","25.09.12","25.09.28","서울 강남구 도산대로45길 18 (신사동)","Secret to Longevity Powered by Ginseng' 설화수 스킨 롱제비티와 자음생크림에 담긴 자생력의 비밀을 찾아가는 여정에 초대합니다"
"토리든 커넥트 성수 : 토리웨이브 클럽","25.07.01","25.09.29","서울 성동구 성수이로7가길 17 (성수동2가)","올 여름 피부까지 시원하게 쉬어 가는 토리웨이브 속으로 초대합니다. DIVE IN 파도가 흐르는 토리웨이브 해변에서 수분을 충전해보세요."
"너무 착한데? & 너무 별론데?","25.08.20","25.09.30","서울 성동구 뚝섬로 403","일본에서 50만명 넘게 방문 한 인기 폭발 전시! <너무별론데? 너무좋은데?> 전시가 성수를 찾아왔습니다"
"코코리컬러 아크디성수","25.09.05","25.09.30","서울 성동구 아차산로5길 24-11, ARC DE 성수 5층","성수에서 가장 '핫한 컬러 스팟'. 친구랑, 연인이랑, 혼자 와도 200% 재밌는 컬러 체험! 인생샷도 남기고, 나한테 꼭 맞는 컬러도 챙겨가세요."
"카카오페이 팝업 : 오래오래 함께가게","25.09.03","25.09.30","서울 성동구 연무장17길 7 (성수동2가)","소상공인 브랜드가 마음껏 매력을 펼칠 수 있도록 새롭고 다채로운 경험을 누릴 수 있는 우리만의 작은 브랜드 놀이터, 2025년 ‘오래오래 함께가게’가 세 번째 문을 엽니다."
"솔리튜드 팝업 : The Craft of Solitude","25.09.01","25.09.30","서울 성동구 성수이로 74 (성수동2가)","'향수를 넘어, 하나의 공예 작품으로' 솔리튜드가 무신사 성수 대림창고에 찾아왔습니다. 조향사의 장인정신과 향의 예술성을 공간 속에서 직접 경험해보세요!"
"포맨트 X 짱구","25.08.29","25.09.30","서울 성동구 연무장7길 13, 올리브영N성수","더 귀여워져서 돌아온 레전드 콜라보. 짱구와 포맨트의 만남이 찾아왔습니다! 이번에는 흰둥이까지 함께."
"셀바티코 팝업 : 정원사의 서재","25.09.02","25.09.30","서울 성동구 연무장17길 10 (성수동2가)","코 끝에는 자연의 향기가 맴돌고, 손이 닿는 곳에는 새로운 이야기가 있는 정원사의 서재에서 나만의 향기를 찾아보세요."
"키츠네 스타필드 수원 팝업 스토어","25.07.01","25.09.30","경기 수원시 장안구 수성로 175, 스타필드 수원 1층","일본 정통 방식의 무시푸딩 전문점 키츠네 팝업 스토어! 증기로 쪄서 만든 무젤라틴 푸딩을 맛볼 수 있어요!"
"NH 올원타운 팝업","25.09.01","25.09.30","서울 성동구 연무장13길 11, 영성산업","DIY 키링도 만들고, 굿즈도 받고, 다양한 포토존에서 사진도 찍고 거기에 한식 다이닝 서비스까지?"
"2025 짱구 팝업 - 대구","25.09.19","25.10.04","대구 중구 달구벌대로 2077, 더현대 대구","2025년 짱구 팝업 스토어, 숨바꼭질 컨셉으로 짱덕들을 찾아갑니다"
"고양이와 스프 팝업","25.09.18","25.10.09","서울 광진구 아차산로 272 (자양동)","고양이와 스프 팝업이 브이스퀘어를 찾아왔습니다. 콜라보 카페에서 맛있는 디저트도 먹고 다양한 굿즈도 구경할 수 있는 팝업으로 초대합니다."
"스펀지밥 X 팝퍼블 콜라보 카페","25.07.04","25.10.12","부산 수영구 민락수변로17번길 56, 팝퍼블카페","락앤롤~ 바닷속 페스티벌, 지상에 상륙! 스폰지밥과 함께 즐기는 한여름의 락 페스티벌 카페가 부산에 개최됩니다"
"베베드피노 X 피너츠 팝업","25.09.04","25.10.16","서울 강남구 가로수길 82 (신사동)","베베드피노와 피너츠의 콜라보 현장! 캐리마켓 신사의 팝업에서는 어떤 일이 벌어질까요? 상상만 해도 흐뭇한 두 브랜드의 콜라보가 지금 시작합니다."
"산리오 팝업 : 마이멜로디의 드림카트","25.10.10","25.10.16","서울 성동구 성수이로 74","마이멜로디의 레드&핑크 컬러를 콘셉트로 패션, 뷰티, 한정MD를 통해 각각 다른 무드의 알록달록한 꿈을 실은 마이멜로디의 카트를 선보입니다."
"SSG닷컴 페스티벌 - 미지엄","25.10.15","25.10.19","서울 성동구 연무장15길 11, 에스팩토리 D동","SSG닷컴 의 첫 오프라인 페스타, ‘미지엄’에 초대합니다 100여개의 엄선된 브랜드 라인업, 게다가 스타 셰프들과 함께하는 쿠킹 토크쇼까지"
"2025 SUPER 한돈 페스타","25.10.11","25.10.19","서울 성동구 연무장길 73, 성수 XYZ 서울","슈퍼 한돈 에너지를 느낄 수 있는 즐거운 콘텐츠 체험과 글로벌 미식 브랜드들이 선보이는 한돈 요리까지! <2025 SUPER 한돈 페스타>에서 특별한 즐거움을 만나보세요!"
"성북동비둘기 FAIR-PLAY","25.10.09","25.10.19","서울 성동구 뚝섬로 403, 스테이지 엑스 성수 403","극단 성북동비둘기의 창작공간 뚝섬플레이스에서 FAIR-PLAY가 열립니다. 연출가 김현탁과 성북동비둘기의 아카이브를 직접 확인하고, 연극 <The Lover 정부>도 관람하세요."
"패트와 매트 팝업","25.09.02","25.10.19","부산 부산진구 중앙대로 672, 삼정타워","부산 최초 패트와 매트 팝업스토어 오픈! 어릴적 추억 속 두 친구가 부산으로 찾아왔습니다! 귀여운 굿즈부터 깜찍한 전시까지 사랑스러운 일상의 유쾌함을 함께 느껴보세요."
"나가노마켓 - 부산","25.10.03","25.10.19","부산 부산진구 중앙대로 672, 삼정타워","나가노 마켓 팝업이 이번엔 부산에 찾아왔습니다 다양한 혜택과 함께 농담곰을 부산에서 만나보세요"
"웨버 팝업스토어 - 대구","25.09.19","25.10.19","대구 동구 동부로 149, 신세계백화점 7층 이벤트홀","글로벌 바베큐 브랜드 웨버의 첫번째 팝업!"
"바이오힐 보 in 트렌드팟 바이 올리브영 성수","25.10.12","25.10.20","서울 성동구 연무장7길 13, 팩토리얼 성수","바이오힐 보의 안티에이징 핵심 성분 NAD. 내 미래의 광손실 피부에 대해 알아보고 꺼져가는 피부 조명의 해답인 NAD로 타임머신을 가동시켜 자가광채 피부를 되찾아보세요!"
"케키바이고미 빵고미 팝업","25.10.07","25.10.23","부산 부산진구 가야대로 772, 롯데백화점 부산점 B1","빵빵한 빵고미는 빵을 좋아해!"
"노에트 1st scene in 성수","25.10.10","25.10.23","서울 성동구 연무장7길 16, 성수포탈","언제 어디서나 내가 원하는 모습의 '나' 이기를. On-the-go beauty, 노에트의 첫번째 팝업스토어!"
"펜필드 X 닉기어","25.10.11","25.10.24","서울 성동구 성수이로 97, 무신사 엠프티 성수","펜필드의 런칭 50주년을 기념해 무신사 엠프티 성수에 팝업으로 찾아왔습니다."
"IGG Korea 알트지 인디게임 페스티벌","25.10.25","25.10.25","서울 성동구 연무장길 97-1","ALT+G : Our Alternative Indie-Game Festival 성수동 연무장로에서 열리는 ALT+G(알트지) 는 인디게임 전시&어워드"
"eyoeyo 팝업","25.09.26","25.10.26","서울 성동구 동일로 79","eyoeyo가 성수에 찾아왔습니다!"
"집집: 소중한 잡동사니마켓","25.10.24","25.10.26","서울 성동구 성수일로 33","집집은 가장 사적인 마음을 지켜온 150여명의 작가님들과 함께 준비한 아트 마켓입니다."
"풀리오 성수 팝업","25.10.17","25.10.26","서울 성동구 연무장길 65, LECT 성수","프리미엄 마사지기 브랜드 '풀리오'가 성수에 찾아옵니다."
"2025 월드웹툰페스티벌","25.10.16","25.10.26","서울 송파구 올림픽로 300, 잠실 롯데타운일대","전세계 웹툰을 한자리에서 만날 수 있는 곳. 몰랐던 웹툰도 보고 다채로운 굿즈와 이벤트까지!"
"케이채 사진전 : Wandergraphy","25.09.12","25.10.26","서울 성동구 성수이로3길 18-1","홀로 세상을 방랑하는 사진가 케이채의 작품들을 성수에서 감상해보세요."
"에일리언스테이지 X 애니플러스 콜라보 카페 - 서울","25.09.25","25.10.26","서울 마포구 월드컵로3길 14","애니플러스 서울 합정점에 에이스테 콜라보카페가 오픈했습니다."
"에일리언스테이지 X 애니플러스 콜라보 카페 - 부산","25.09.25","25.10.26","부산 부산진구 중앙대로 672 (부전동, 삼정타워)","애니플러스 부산 서면점에 에이스테 콜라보카페가 오픈했습니다! 다양한 굿즈와 콜라보 메뉴들이 가득하니 절대 놓치지 마세요"
"오아시스 팬스토어 서울","25.10.16","25.10.26","서울 중구 을지로 127, 뉴스뮤지엄 을지로","영국 록밴드 오아시스의 공식 팝업스토어 'Oasis Live ‘25 Fan Store'가 뉴스뮤지엄 을지로에서 오픈합니다."
"원주 원도심 팝업스토어 : 만두 가게","25.10.08","25.10.26","강원 원주시 원일로 128","만두 빚고, 먹고, 즐기고! 원도심 팝업스토어 '만두 가게'"
"어노브 베어글로우 팝업스토어","25.10.24","25.10.26","서울 성동구 연무장7길 16","어노브 베어글로우 팝업에서 새로운 핸드바디 라인과 함께 압도적인 부드러움, 맑게 빛나는 결광을 경험해 보세요."
"2025 짱구 팝업 - 부산","25.10.10","25.10.26","부산 동구 범일로 125, 커넥트현대 부산","2025년 짱구 팝업 스토어. 이번엔 숨바꼭질 컨셉으로 짱덕들을 찾아갑니다."
"아디다스 X 떠그클럽","25.10.17","25.10.29","서울 성동구 성수이로 74","서울에서 시작된 질주, 아디다스 X 떠그클럽 팝업이 성수에 찾아왔습니다."
"이웃집 통통이 팝업스토어","25.08.29","25.10.30","경기 수원시 장안구 수성로 175 (정자동), 스타필드 수원","이웃집 통통이가 수원에 왔습니다. 쫀득빵은 물론 새로 출시한 베이커리 라인업까지!"
"CLOGY 스타필드 수원 팝업","25.08.01","25.10.30","경기 수원시 장안구 수성로 175, 스타필드 수원 1층","CLOGY의 특별한 신발모양 빵 팝업이 찾아왔습니다. 시선을 사로잡는 비주얼과 놀라운 맛을 경험해 보세요."
"OFZ 스타필드 수원 팝업","25.07.23","25.10.30","경기 수원시 장안구 수성로 175, 스타필드 수원 1층","가장 한국적인 동시에 건강한 오일을 통한 건강한 식문화를 제안하는 OFZ의 팝업스토어."
"울산 브랜드 홍보관 : 꿈보다 해몽","25.08.18","25.10.31","울산 남구 화합로 185, 업스퀘어","문화도시 울산의 브랜드 홍보관이 울산 업스퀘어 4층에 문을 열었어요."
"메종미하라야스히로 팝업","25.08.07","25.10.31","서울 영등포구 여의대로 108 더현대서울 2층","다양한 미하라야스히로 스니커즈와 여성, 남성 25 F/W 상품을 확인할 수 있는 메종미하라야스히로 팝업."
"아리 팝업","25.10.01","25.10.31","서울 성동구 아차산로 103","무신사 테라스 성수에 ARI의 특별한 팝업이 찾아옵니다."
"쉘코퍼레이션 팝업","25.09.11","25.10.31","서울 성동구 왕십리로14길 7","지속가능 여성 아웃도어 브랜드 쉘코퍼레이션과 무신사 어스의 협업을 기념한 성수동 팝업스토어에 초대합니다."
"카와이토모 퍼글러 팝업","25.09.12","25.10.31","부산 부산진구 중앙대로 672, 삼정타워 2층","다시 돌아온 카와이토모 퍼글러 팝업스토어 오픈! 더욱 특별하고 더욱 다양한 캐릭터가 가득해졌어요! '카와이토모=귀여운 친구들'이라는 사실! 귀여움 수치 만렙으로 기다리고 있을게요."
"벤슨 X 엔믹스 팝업","25.10.03","25.10.31","서울 강남구 선릉로 829, 벤슨 크리머리 서울","Blue Valentine의 세계로 초대합니다. 엔믹스 플레이버와 다양한 콜라보 굿즈들을 강남에서 직접 만나보세요"
"2025 문화가 있는 날 청춘마이크 10년 기념행사","25.10.31","25.11.01","서울 성동구 성수이로20길 57, SPACE S1","'문화가 있는 날 청춘마이크'가 10년을 맞이했습니다. 이를 기념해 성수 SPACE S1에서 다양한 프롬그램이 펼쳐집니다."
"플라워노즈 팝업","25.10.18","25.11.01","서울 성동구 아차산로 116","플라워노즈 무드 가득한 공간 속에서 당신의 하루가 설렘 가득하게 바뀔 거예요"
"조선 요괴전 팝업","25.09.06","25.11.02","서울 마포구 양화로23길 22-7 (동교동)","조선시대의 기괴하고 섬뜩한 요괴들을 소재로 한 특별한 공포체험 <조선요괴전>."
"삼성화재 카르르 세이프티 빌리지","25.10.18","25.11.02","경기 용인시 처인구 포곡읍 에버랜드로376번길 171, 삼성화재 모빌리티뮤지엄","[예약필요] 삼성화재의 '모두의 안전'을 지키려는 신념과 마이크로 킥보드의 '안전한 킥보드 문화를 위한 노력이 만나 <카르르 세이프티 빌리지>가 탄생했어요."
"짱구와 함께 떠나는 캠핑 어드벤처 전시","25.06.28","25.11.02","부산 영도구 해양로195번길 180","야외시장부터 숲속 모험까지! 여름보다 뜨겁게 찾아온 짱구 페스티벌, 지금부터 짱구와 함께 캠핑 어드벤처 떠나볼까요? 꿈꾸던 순간이 현실이 됩니다."
"멍냥사진관 팝업","25.10.02","25.11.02","충북 청주시 흥덕구 2순환로 1322, MBC충북 공개홀","반려동물과 함께 하는 셀프스튜디오 30여가지 테마로 꾸며진 촬영부스에서 우리아이의 소중한 사진을 남겨주세요."
"카누 캡슐 플래그십 스토어","25.09.04","25.11.02","서울 종로구 북촌로5길 14","카누 캡슐의 첫 번째 플래그십 스토어에서는 나에게 꼭 맞는 캡슐 커피를 발견할 수 있어요."
"Allso 소파다방","25.08.08","25.11.02","서울 중구 장충단로8길 11-18, 코브더장충","나만의 시간이자 하나의 방이 되어주는 소파 위에서 우리들은 다채로운 시간을 감각합니다. 잠들어 있던 감각이 다시 흐르는 이곳은 알로소의 다섯 번째 이야기. 소파多방 Sofa & Time 입니다."
"바이오던스 GLOW STAY IN SEONGSU","25.10.24","25.11.02","서울 성동구 성수이로 88, 남정빌딩","나만의 아름다움 'Glow'를 발견하는 곳, GLOW STAY에 당신을 초대합니다."
"구찌 뷰티 하우스","25.10.24","25.11.02","서울 성동구 성수이로71","구찌 메이크업 및 향수 컬렉션의 정수를 담은 몰입형 공간. 구찌 뷰티 하우스로 초대합니다."
"기후가 이사가래요","25.10.28","25.11.02","서울 성동구 왕십리로 63, 언더스탠드에비뉴 아트스탠드","국제구조위원회가 한국에서 처음 선보이는 팝업 전시 '기후가 이사가래요'가 열립니다."
"호러라이브 인 서울","25.10.24","25.11.02","서울 마포구 양화로 178-5, LC타워 별관 지하 2층 팬베이스 홍대점","글로벌 버추얼 유튜버 그룹 홀로라이브 프로덕션이 서울 홍대에서 팝업 스토어 ‘호러라이브 인 서울’을 연다!"
"괴담출근 팝업","25.09.24","25.11.02","서울 서대문구 연세로 13, 현대백화점 유플렉스","<괴담에 떨어져도 출근을 해야 하는구나> 전시가 현대백화점 신촌점에서 열립니다. 굿즈 팝업은 유플렉스 1층, 전시는 유플렉스 12층에서 확인할 수 있습니다."
"인천공항 해치 팝업스토어","25.09.24","25.11.02","인천 중구 공항로 271, 인천국제공항역","해치가 인천공항에 떴다. 해치 굿즈 전시와 재미있는 인천공항 X 서울관광 포토존! 인천공항 1층 입국장 F게이트 앞에서 귀여운 해치를 만날 수 있습니다."
"엔하이픈 월드 팝업 : 인비테이션 프롬 밤피르","25.10.17","25.11.02","서울 영등포구 여의대로 108, 더현대 서울","뱀파이어로 오랜 기간 살아온 ENHYPEN 멤버들. 그리고 그들의 힘의 원천인 '기억'을 지키는 '커넥터'. 그들의 이야기를 담은 시네마틱 어드벤처 장르 모바일 게임 '엔하이픈 월드: 이터널 모먼트'의 첫번째 한국 팝업!"
"ATEEZ 8 ROOM","25.10.17","25.11.02","서울 영등포구 여의대로 108, 더현대서울 지하1층 대행사장","에이티즈 7주년 공식 팝업 '8ROOM'"
"바이탈뷰티 팝업","25.10.14","25.11.02","서울 성동구 아차산로11길 7, 아모레성수","아모레성수에 가면 먹고 바르는 뷰티를 직접 체험할 수 있는 아주 SUPER한 기회가 있어요."
"3CE 벨벳 케이크샵","25.10.22","25.11.03","서울 성동구 연무장7길 13 올리브영N성수","3CE VELVET CAKE SHOP에서 새로워진 벨벳 립 틴트 플러쉬와 팝업 단독 혜택을 만나보세요!"
"그럴만두 팝업 - 성수","25.09.02","25.11.04","서울 성동구 서울숲길 38 (성수동1가)","메이드바이와 스테디너리 작가님이 함께 열심히 빚은 만두 가게, '그럴만두' 팝업이 오픈합니다"
"그럴만두 팝업 - 부산","25.09.02","25.11.04","부산 부산진구 전포대로199번길 34, 카페 라비앙로즈","메이드바이와 스테디너리 작가님이 함께 열심히 빚은 만두 가게, '그럴만두' 팝업이 오픈합니다"
"두햄빠! 팝업 : 밍기적 하우스","25.10.17","25.11.05","서울 성동구 성수이로 77, 라인프렌즈 스퀘어 성수 1층","오리두기 햄무라비 빠니가 라인프렌즈 스퀘어 성수를 찾아왔어요!"
"롬아카이브 팝업","25.10.17","25.11.06","서울 강남구 언주로168길 24 2층, KREAM VIP룸","EQL GROVE와 함께 준비한 롬아카이브 팝업 스토어에 초대합니다 이번 팝업에서는 유니크 라인 전 제품과 함께, 새롭게 선보이는 EQL 익스클루시브 라인을 먼저 만나볼 수 있습니다."
"무모한 상점 몬치치 팝업 - 영등포","25.10.24","25.11.06","서울 영등포구 경인로 846 (영등포동)","무모한상점이 아껴 두었던 특별한 몬치치들을 드디어 공개합니다! 몬치치뿐만 아니라, 무모한상점의 다양한 소품들도 함께 만나보실 수 있습니다."
"보물상 팝업","25.10.24","25.11.09","서울 성동구 성수일로 47 (성수동1가)","현대 감성 X 전통의 멋. 특별한 한국 전통 굿즈들이 <보물상>에 모였습니다."
"범준 X 찰스퍼니처 + 장미맨숀 : 삶 너머 삶","25.10.17","25.11.09","서울 성동구 성수이로24길 31, HAESO 성수","HAESO에서 범준과 찰스퍼니처, 장미맨숀의 콜라보 전시, <삶 너머 삶>을 선보입니다."
"쥬베룩 북 하우스","25.11.01","25.11.09","서울 성동구 연무장길 65","LOOK JUSTLOOK JUVELOOK. 보다 바라던 나를, 만나다 나만의 LOOK을. 쥬베룩 팝업스토어"
"토이스토리 30주년 팝업","25.10.18","25.11.09","대구 중구 달구벌대로 2077, 더현대 대구 9층","우디와 버즈를 다시 만나는 순간, <토이 스토리>와 함께 특별한 하루"
"취(Chwi) 쌀향 런칭 팝업","25.10.30","25.11.09","서울특별시 종로구 계동길 5","가장 한국적인 향과 미감을 전하는 뷰티&프래그런스 브랜드 취(Chwi)에서 쌀향의 여정을 시작합니다."
"무모한 상점 몬치치 팝업 - 성수","25.11.08","25.11.10","서울 성동구 왕십리로6길 14-1 (성수동1가)","무모한상점이 아껴 두었던 특별한 몬치치들을 드디어 공개합니다! 몬치치뿐만 아니라, 무모한상점의 다양한 소품들도 함께 만나보실 수 있습니다."
"READING PARTY","25.11.04","25.11.12","서울 영등포구 여의대로 108, 더현대 서울","‘리딩파티(Reading Party)’는 책과 향, 시선이 어우러지는 새로운 형태의 독서 경험을 제안합니다."
"캐리랜드 팝업","25.10.17","25.11.13","서울 강남구 가로수길 82 (신사동)","캐리마켓 신사에 몬치치, 퍼글러, 잔망루피, 미피, 산리오 등 글로벌 인기 캐릭터 굿즈가 모였습니다."
"디오스피스 팝업","25.10.24","25.11.13","서울 성동구 성수이로 78 (성수동2가, 대림창고)","디오스피스 × 바운더리 성수 팝업스토어가 찾아왔습니다."
"TMwatch 정우상사 팝업스토어","25.10.24","25.11.15","서울 강남구 언주로168길 24 2층, KREAM VIP룸","정우상사는 1975년부터 세계적인 시계들과 함께, 세대를 넘어 이어지는 시간을 지켜왔습니다. 당신의 소중한 시간을 더욱 빛내기 위해 정성스럽게 시계를 소개하고, 지켜드립니다."
"러쉬 성수 팝업 씨어터 : 무명배우의 욕실편","25.09.02","25.11.15","서울 성동구 연무장길 58-1","매주 금/토/일 오후 6시와 8시! 성수동 러쉬 매장과 거리를 무대로 펼쳐지는 실험적 공연이 찾아옵니다. 지나가던 누구나 관객이 될 수 있습니다."
"랄프 로렌 팝업 - Holiday Experience","25.11.01","25.11.16","서울 성동구 아차산로9길 8 (성수동2가)","2025 Ralph Lauren Holiday Experience에서 랄프 로렌만의 Fall/Holiday 컬렉션을 만나보세요."
"자일리톨 팝업 - Xylitol Lab in Finland","25.11.01","25.11.16","서울 강남구 언주로168길 24 2층, KREAM VIP룸","양치처럼 매일 꾸준히 우리 가족 치아를 책임지는 자일리톨이 성수에 찾아왔습니다"
"봉주르팝업 2025","25.07.23","25.11.23","경기 성남시 분당구 판교역로146번길 20, 현대백화점 판교점 5층","현대어린이미술관 MOKA가 개관 10주년을 맞아, 그동안 사랑받았던 전시 중 하나인 <봉주르 팝업> 전시를 새롭게 선보입니다."
"스누피 캠프하우스","25.10.17","25.11.23","서울 성동구 성수이로7길 28, 크리스마스 하우스","스누피와 캠핑을 함께! 스누피와 친구들이 꾸민 캠프하우스 팝업스토어가 성수에 찾아옵니다."
"에이치덱스 도성","25.11.14","26.11.23","서울 성동구 연무장길 65, 1층","HDEX x 피지컬:아시아 팝업 스토어 오픈"
"잼메이트 팝업 in 롯데백화점 본점","25.11.21","25.11.27","서울 중구 남대문로 81, 롯데백화점 본점 B1층","롯데백화점 본점 B1 식품관에서 잼메이트의 특별한 프리미엄 디저트를 만나보세요!"
"롬앤 x ZO&FRIENDS in 트렌드팟 바이 올리브영 성수","25.11.14","26.11.27","서울 성동구 연무장길 65, 1층","2주마다 새로운 팝업이 오픈되는 트렌드팟 바이 올리브영 성수! 이번에는 롬앤 x ZO&FRIENDS 팝업스토어가 찾아왔습니다."
"'오늘의 귀여움' 팝업스토어","25.10.29","25.11.27","대구 중구 달구벌대로 2077, 더현대 대구 지하2층","『GO라니&DA람쥐, 깜자, 부실감자, 복슬이, 몰티즈, 오둥이, 김바덕, 치즈덕, 찌그렁오리』친구들이 모여 ‘오늘의 귀여움 CLASS’ 반장선거와 함께 팝업스토어를 오픈했어요!"
"츄토피아 : 츄파춥스 & 멘토스 팝업","25.10.25","25.11.29","서울 마포구 어울마당로 68 (서교동)","츄파춥스 & 멘토스 팝업 스토어 '츄토피아'로 초대합니다. 홍대에 나타난 거대한 자판기! 이 자판기는 평범한 자판기가 아니라 츄파춥스와 멘토스의 제품이 생산되는 신비한 자판기예요."
"피지컬 아시아 전시 : T-STADIUM 두근득근 챌린지","25.10.30","25.11.30","서울 성동구 연무장1길 7-1 (성수동2가), T Factory 성수","성수에 나타난 <피지컬: 아시아>. 도전의 경기장, T-STADIUM에 초대합니다!"
"DEBUT COUNTDOWN 팝업 : 데뷔까지 단 20분","25.09.05","25.11.30","서울 성동구 연무장1길 7-1 (성수동2가), T팩토리 성수","T엔터 연습생 대모집 누구나 나답게 데뷔할 수 있는 연예기획사, T엔터에 당신을 초대합니다! 단 하루! T엔터의 연습생이 되어 도전하고, 선택하고 마침내 데뷔의 순간을 맞이해 보세요."
"해리포터 마호도코로 팝업","25.09.16","25.11.30","서울 영등포구 여의대로 108, 더현대 서울","해리포터 마호도코로 팝업이 더현대 서울에 열리고 있어요."
"에반게리온 전시 - Lines of EVANGELION","25.08.28","25.11.30","서울 마포구 양화로 188, AK플라자 홍대 4층","한국 최초로 에반게리온 전시회가 홍대를 찾아왔습니다!"
"모머위켄드 팝업스토어","25.10.31","25.11.30","서울 영등포구 여의대로 108, 더현대 서울 4층","여유로운 주말의 감성과 편안함을 제안하는 모머위켄드는 푸드스타일리스트와 국내 도자기 전문가들이 만드는 테이블웨어 브랜드입니다."
"다마고치 파라다이스 팝업스토어","25.11.22","25.11.30","서울 성동구 성수이로 69 1층","다마고치 생일에 팝업스토어가 찾아와요!!"
"주토피아 팝업 : 시크릿 미션","25.11.15","25.12.03","서울 영등포구 여의대로 108, 더현대 서울 5층 에픽서울","주디와 닉의 발자취를 따라 미션을 해결하고, 주토피아의 명예 시민이 되어보세요!"
"MUT 팝업스토어","25.10.31","25.12.04","서울 영등포구 여의대로 108, 더현대 서울 6층","MUT(엠유티)는 패션 브랜드가 아닙니다. 진정한 멋에 대하여 사유하는 라이프스타일 브랜드 입니다."
"메노킨 팝업 : BUBBLE ROOM","25.11.21","25.12.13","서울 성동구 연무장길 38-1, 1층","타임세이빙 미니멀 스킨케어 브랜드, 메노킨의 첫 브랜드 팝업. <BUBBLE ROOM> 오픈"
"지박소년 하나코군 2기 콜라보카페(서울)","25.10.30","25.12.14","서울 마포구 월드컵로3길 14 (합정동, 마포 한강 2차 푸르지오) 애니플러스 서울합정점","지박소년하나코군2기 X 애니플러스 콜라보 카페 OPEN!"
"지박소년 하나코군 2기 콜라보카페(부산)","25.10.30","25.12.14","부산 부산진구 중앙대로 672 (부전동, 삼정타워), 애니플러스 부산서면점","지박소년하나코군2기 X 애니플러스 콜라보 카페 OPEN!"
"칸독 팝업","25.07.15","25.12.15","울산 울주군 웅촌면 오복길 17-1 101호","[예약제] 반려견과 보호자를 위한 프리미엄 산책용품 브랜드 '칸독(KANDOG)'. 내가 직접 디자인 하는 DIY 목줄, 하네스, 리드줄 등을 칸독팩토리 내 팝업스토어에서 직접 체험해보세요."
"잼메이트 팝업 in 롯데백화점 광복점","25.12.12","25.12.18","부산 중구 중앙대로 2 롯데백화점 광복점 B1층","롯데백화점 광복점 아쿠아몰 B1 식품관에서 잼메이트의 특별한 프리미엄 디저트를 만나보세요!"
"크록스 케이스 팝업","25.12.12","26.12.18","부산 해운대구 센텀남대로 35 신세계 센텀시티 B2F, 하이퍼스테이지","아이코닉한 크록스 감성과 SLBS의 감각이 담긴 Crocs Case 팝업스토어가 부산 센텀시티에서 오픈합니다."
"2025 크리스마스 빌리지 - 부산","25.11.27","25.12.25","부산 해운대구 수영강변대로 120 (우동, 영화의전당)","부산 영화의전당에서 펼쳐지는 1만평 규모의 산타마을, ‘크리스마스 빌리지 부산 2025’ 올해 크리스마스는 산타마을의 요정으로써, 잊지 못할 크리스마스를 경험해보세요!"
"젤리캣 스페이스 팝업스토어","25.11.05","25.12.28","서울 성동구 연무장길 95, 엠엠성수","전 세계에서 최초로 런칭되는 젤리캣 스페이스 팝업스토어 한국 상륙!!"
"산리오캐릭터즈 팝업 : 스위트 홀리데이 크리스마스 하우스","25.11.29","25.12.28","서울 성동구 성수이로7길 28 (성수동2가)","산리오캐릭터즈가 크리스마스 하우스에 여러분을 초대합니다! 매 정각마다 내리는 새하얀 눈부터 포근한 겨울 감성 가득한 공간 사랑스러운 산리오캐릭터즈와 함께 달콤한 홀리데이 무드를 느껴보세요"
"케이팝 데몬 헌터스 팝업","25.12.08","25.12.28","서울 성동구 연무장19길 7 (성수동2가)","전 세계를 뒤흔든 넷플릭스 K-Pop Demon Hunters 팝업이 드디어 한국에서 열립니다!"
"안아줘요 부드라미의 비밀 아지트","25.08.20","25.12.28","서울 동작구 동작대로 119-1, 2층 카페오","귀여운 부드라미의 콜라보 카페 겸 팝업스토어가 오픈했어요."
"천사 vs 악마 가나디 팝업","25.12.03","25.12.29","서울 성동구 성수이로 77 (성수동2가), 라인프렌즈 스퀘어 성수점","천사와 악마, 두 가지의 매력을 가진 가나디가 찾아왔어요!  서로 다른 두 매력이 공존하는 공간, 당신의 마음을 사로잡을 가나디는 누구인가요?"
"러쉬 성수 팝업씨어터: 드랙퀸의 화려한 외출편","25.12.01","25.12.30","서울 성동구 연무장길 58-1, 2층","[공연일정] 12/17(수), 12/23(화), 12/30(화) / [시간] 1회차 - 17:30, 2회차 - 18:30"
"스킴스 팝업 - 성수","25.11.21","25.12.30","서울 성동구 연무장길 21 (성수동2가), TOMG 성수","킴 카다시안의 언더웨어 브랜드, 스킴스 팝업이 성수에서 열립니다"
"메이커스 스튜디오 by LH","25.10.17","25.12.31","서울 성동구 뚝섬로 403, 스테이지 엑스 성수 403","대한민국 주택의 역사를 한 편의 영화처럼 예쁘게 편집한 제작자, LH. 그 특별한 이야기를 담은 스튜디오를 팝업스토어에서 만나보세요."
"퍼머넌트 스튜디오","25.07.05","25.12.31","부산 수영구 민락본동로19번길 62","[직원이 상주하지 않는 매장. 방문 시 예약 필수!] 브랜드 KANGJUNGSEOK의 쇼룸이 부산에 오픈했습니다"
"토리든 커넥트 성수 - 솔리빌리지","25.10.22","25.12.31","서울 성동구 성수이로7가길 17 (성수동2가)","촉촉한 보습 이글루 마을 솔리빌리지로 여러분을 초대합니다 세럼부터 크림까지 증정 이벤트가 한가득이니 풍성한 현장 이벤트를 즐기며, 솔리빌리지에서 진짜 보습 장벽을 쌓아보세요."
"캠프 보산 팝업 - 보산을 담다","25.09.26","25.12.31","경기 동두천시 평화로 2539","보산동만의 지도, 여행 팁, 공정 관광 코스는 물론 다양한 체험거리까지! '보산을 담다' 팝업이 찾아왔습니다."
"누누 부산 팝업스토어","25.06.21","25.12.31","부산 기장군 기장읍 동부산관광1로 60, 라우어 애비뉴","누누 팝업스토어가 부산 라우어에 오픈했습니다! 장줄리앙의 대형 조각 작품들과 다양한 누누 상품을 만나보세요."
"팝마트 윈터 빌리지","25.12.01","25.12.31","서울 성동구 연무장7길 13 (성수동2가, 팩토리얼성수)","올해 크리스마스, 팝마트 윈터 빌리지에서 행복을 전하는 일곱 친구들과 나에게 어울리는 완벽한 선물을 찾는 여정이 펼쳐집니다."
"Atelier de Noël : 해리의 크리스마스 공방","25.11.01","25.12.31","서울 영등포구 여의대로 108, 더현대 서울","기다림이 설렘이 되는 순간, 더현대 서울에서 크리스마스가 시작됩니다. Atelier de Noël에서 작은 곰 해리와 함께 따뜻한 마음을 담은 선물을 준비해보세요."
"롯데타운 크리스마스 마켓","25.11.20","26.01.04","서울 송파구 올림픽로 300, 롯데월드몰 월드파크","하트 라이트 쇼, 스노우 샤워, 위시 월 이벤트 등 다양한 이벤트와 핫초코 카페, 베이크 하우스 같은 스페셜 부스, 그리고 다채로운 F&B 라인업까지. 한층 더 풍성하고 다채로워진 롯데백화점만의 유러피안 크리스마스 마켓을 만나보세요!"
"필리포피아나 부산 팝업","25.12.05","26.01.04","부산 부산진구 가야대로 772, 4층 골프존","프리미엄 골프웨어 브랜드, '필리포피아나'의 부산 팝업스토어가 오픈했습니다."
"TBH DEPARTMENT STORE","25.12.19","26.01.04","서울 성동구 연무장17길 4","tbh와 헬로 키티가 함께하는 TBH DEPARTMENT STORE가 서울에 왔습니다!"
"이모나리 팝업","25.12.05","26.01.04","서울 성동구 연무장7길 7 (성수동2가)","고구마스틱과 고구마빠스가 콜라보를 하면? 고구마켄피가 됩니다. 지금 성수에 일본식 전통 스낵이 찾아왔습니다."
"안단잼 팝업 With 티하우스청담","25.11.13","26.01.04","서울 강남구 삼성로120길 52-1, 1층 티하우스청담","도심속 작은 영국에서 즐기는 달콤한 시간. 안단잼과 티하우스청담이 함께하는 팝업 카페로 초대합니다."
"포춘살롱 성수 운세 팝업 with.인생사주","26.12.26","26.01.04","서울 성동구 성수일로 33","성수에서 열리는 최대 운세 팝업. 전화사주 플랫폼 '인생사주'와 함께하는 성수 팝업!"
"루블리스 팝업 in 성수","26.12.26","26.01.04","서울 성동구 성수이로7가길 20-1, 101호","루블리스 팝업스토어에서 헤어와 피부, 그리고 향기까지. 매일의 작은 순간을 특별하게 만드는 감각을 경험해 보세요."
"오슬로우 빈티지 마켓 팝업","26.12.27","26.01.04","인천 중구 월미로 33 (북성동1가, 상상플랫폼)","대한민국 최대 규모 빈티지 크리스마스 마켓 열린다! 어디에서도 볼 수 없는 1,500평 규모의 유럽풍 크리스마스 빈티지 천국. 엄선된 셀러들이 선보이는 빈티지 아이템들을 모두 한자리에서 만나보세요"
"포컬포인트 스타필트 하남","25.09.01","26.01.07","경기 하남시 미사대로 750, 스타필드 하남","블루리본 파이 맛집 '포컬포인트'가 스타필드 하남에 오픈했습니다."
"캐리랜드 크리스마스 팝업","25.11.14","26.01.07","서울 강남구 가로수길 82 (신사동), 캐리마켓 신사 1층","캐리마켓 신사가 초대형 선물 상자로 변신했어요! 선물 상자의 문을 열고 들어오면, 반짝이는 트리, 따뜻한 불빛이 가득한 진짜 선물 같은 공간이 짠! 캐리랜드에 새롭게 합류한 귀여운 친구들도 기다리고 있어요!"
"프레스버터샌드 갤러리아백화점 압구정점 팝업","25.09.30","26.01.08","서울 강남구 압구정로 343, 갤러리아백화점 지하1층","일본 도쿄에서 줄 서서 기다려야만 맛볼 수 있는 쿠키 명품, 프레스 버터샌드를 갤러리아백화점 압구정점에서 만나보세요."
"베이크타운 팝업 in AK플라자 수원","25.12.05","26.01.08","경기 수원시 팔달구 덕영대로 924, 지하1층 푸드홀","두바이 디저트 2종을 맛볼 수 있는 '베이크 타운' 팝업!"
"아이들 전시 - CITY of SENSE","25.12.19","26.01.10","서울 성동구 성수이로 50, Space S50 (성수동2가, 익상빌딩)","'감각'이라는 키워드를 시각적으로 풀어낸 도시적 공간을 테마로 미디어 아트 영상존, 포토카드 부스, 미니어처 포토존까지! I-DLE과 함께 즐길거리가 가득한 City of Sense 전시로 초대합니다."
"미피와 마법 우체통 전시","25.09.11","26.01.11","부산 수영구 광남로 96","미피 생일파티, 이번엔 부산이다! 미피와 마법 우체통이 부산에 찾아왔어요 전시에 참여해 생일파티를 같이 즐겨주세요."
"프라포투투 팝업","25.11.01","26.01.11","서울 성동구 연무장17길 10 (성수동2가), LCDC SEOUL","지속가능성 향원 기반 프리미엄 프래그런스 하우스 '프라포투투'가 LCDC Seoul에 찾아왔습니다."
"샬랑 드 파리 X 무신사 팝업","25.12.31","26.01.11","서울 성동구 연무장길 81, 무신사 뷰티 스페이스 1","샬랑 드 파리의 따뜻한 티타임에 초대합니다!"
"덴티스테 팝업 in 올리브영N 성수","26.01.03","26.01.11","서울 성동구 연무장7길 13, 팩토리얼 성수","ALL DAY REFRESH! 덴티스테로 나만의 2026 REFRESH ROUTINE을 완성해보세요."
"THE 8 : 감각이 모이다 성수","26.01.11","26.01.12","서울 성동구 연무장17길 2","8개의 네일 브랜드가 모여서 만드는 놀라운 감각을 느끼고 감상해보세요!"
"메타몽 팝업 : 메타몽의 시크릿 캡슐 맨션","25.12.19","26.01.12","서울 송파구 올림픽로 300, 잠실 롯데월드몰 1층 아트리움 (신천동)","메타몽의 시크릿 캡슐맨션에 여러분을 초대합니다 이 맨션의 꼭대기층 비밀 공간에는 사랑하는 이들을 위해 선물을 준비하는 공장이 숨겨져 있어요"
"피에르 에르메 파리 더현대 서울","25.12.16","26.01.14","서울 영등포구 여의대로 108, 더현대 서울 B1","오트 파티세리의 거장 피에르 에르메, 전 세계가 사랑한 그의 정교하고 아름다운 디저트 컬렉션이 이제 한국에서 새로운 여정을 시작합니다."
"맥 파우더 키스 팝업 스토어","26.01.08","26.01.15","서울 성동구 성수이로 78, 대림창고","글로벌 메이크업 브랜드 '맥(M.A.C)'의 NEW 파우더 키스 컬렉션 출시 기념 팝업이 오픈했습니다!"
"계란빵 클럽 팝업스토어","26.01.03","26.01.15","인천 연수구 송도국제대로 123, 현대프리미엄아울렛 송도점","인천 송도에서 온 토핑 듬뿍 새로운 계란빵. 계란빵을 사랑하는 사람들이 모여드는 곳 '계란빵 클럽'"
"우아(OOOA) 현대아울렛 송도 팝업","26.01.01","26.01.15","인천 연수구 송도국제대로 123, 현대프리미엄아울렛 송도점","우리 아이의 건강한 성장을 위한 특별한 선택. 영양소 가득 프리미엄 간식 브랜드 '우아(OOOA)'의 팝업 스토어가 오픈했습니다."
"우아(OOOA) 현대아울렛 스페이스원 팝업","26.01.09","26.01.15","경기 남양주시 다산순환로 50, 현대프리미엄아울렛 스페이스원","우리 아이의 건강한 성장을 위한 특별한 선택. 영양소 가득 프리미엄 간식 브랜드 '우아(OOOA)'의 팝업 스토어가 오픈합니다."
"빤쮸토끼 팝업","25.12.12","26.01.18","서울 성동구 연무장길 97 (성수동2가)","일상 속의 소소한 불행을 유머러스하게 그려낸 귀여운 빤쮸토끼 캐릭터가 성수에 찾아왔습니다."
"발로란트 V26 시즌 스타트 오프라인 팝업","26.01.09","26.01.18","서울 성동구 성수이로18길 6-1 (성수동2가)","발로란트 2026 시즌 스타트를 기념해 오프라인 팝업이 진행됩니다! 새로운 시즌의 시작을 현장에서 직접 경험해보세요."
"아디다스 X ABC마트 팝업","25.12.23","26.01.18","서울 성동구 성수이로 69 (성수동2가, 삼화빌딩), ABC마트 성수팝업점","아디다스의 다양한 선물과 함께, 오직 ABC 성수 팝업점만의 익스클루시크 체험 팝업이 찾아왔습니다"
"프리파라 팝업","26.01.01","26.01.18","서울 광진구 아차산로 262 (자양동), 롯데시네마 건대입구점 3층 브이스퀘어","프리파라 10주년을 기념한 팝업스토어 & 콜라보 카페가 열렸습니다! 10주년을 기념하여 한국 오리지널 신규 일러스트 공개! 2026년 시작을 프리파라와 함께!"
"헬로키티 X 지수 팝업","26.01.14","26.01.20","서울 강남구 언주로168길 24 (신사동) KREAM 도산 스토어 2층","지수가 있는 곳에 늘 헬로키티가 있다. 세대를 아우르는 글로벌 문화의 아이콘 헬로키티와 글로벌 트렌드를 선도하는 아티스트 지수가 만났습니다."
"페이퍼백 웰니스 아지트","26.01.09","26.01.20","서울 성동구 아차산로 116","프리미엄 패밀리 웰니스 케어 브랜드 '페이퍼백'의 팝업 스토어가 성수에 오픈합니다."
"하우스 오브 애슐리","25.12.20","26.01.25","서울 성동구 아차산로17길 48, B1","애슐리의 꿈과 스토리, 미식에 대한 이야기. 하우스 오브 애슐리에 초대합니다."
"스킴스 팝업 - 여의도","25.11.21","26.01.25","서울 영등포구 여의대로 108, 더현대 서울 (여의도동)","킴 카다시안의 언더웨어 브랜드, 스킴스 팝업이 더현대 서울에서 열립니다"
"꿈돌이X뽀로로 스위트 부티크 팝업 - 대전","25.12.08","26.01.25","대전 동구 철갑3길 17 (소제동), 아트사이트 소제","꿈돌이와 뽀로로가 운영하는 달콤한 디저트 부티크로 초대합니다. <뽀로로 극장판: 스위트 캐슬 대모험> 속 세계관과 함께하는 사랑스럽고 환상적인 공간을 체험해보세요."
"주토피아2 팝업 : 윈터 베케이션","25.12.30","26.01.28","대전 유성구 엑스포로 1 (도룡동), 신세계백화점 대전점 6층","LET’S ZOOGETHER! 귀여움 과다주의. 이건 그냥 지나치기 불가. 주토피아 친구들과 함께하는 특별한 겨울, 지금 만나보세요"
"샤이샤이샤이 팝업","25.12.17","26.01.28","서울 성동구 연무장길 81 (성수동2가, 남경빌딩)","자외선으로 인한 광노화 문제를 연구하는 안티에이징 스킨케어 브랜드 샤이샤이샤이가 성수에 팝업으로 찾아왔습니다."
"시오팡야 스타필드 수원점 팝업","25.11.07","26.01.29","경기 수원시 장안구 수성로 175, 스타필드 수원 1층","광화문 소금빵 맛집 '시오팡야'의  수원 팝업 스토어! 소금빵의 원조, 일본식 소금빵을 확인해보세요."
"인에이 수원 스타필드 팝업스토어","26.01.16","26.01.29","경기 수원시 장안구 수성로 175, 스타필드 수원 4층","인에이의 2026년 첫 팝업이 1월 16일부터 14일간 스타필드 수원에서 열립니다. 이번 팝업에서는 지난해 가장 많은 사랑을 받은 '픽미 팬티' 를 직접 조합해 만드는 <나만의 픽미 팬티 만들기> 이벤트를 준비했습니다."
"드모르 부산 신세계백화점 센텀시티 팝업","25.12.01","26.01.31","부산 해운대구 센텀남대로 35, 신세계백화점 센텀시티점 7층","계속 머무르고 싶은 프리미엄 맞춤 가구, 드모르(DEMOR)의 부산 신세계백화점 센텀시티 팝업스토어!"
"어뮤즈, W컨셉 팝업 @이마트24 트렌드랩 성수","25.11.27","26.01.31","서울 성동구 아차산로 104, 이마트24 트렌드랩성수","이마트24 첫 번째 플래그십 스토어, '이마트24 트렌드랩성수점' 팝업 오픈! 이마트24만의 감각으로 선보이는 특별한 콜라보 팝업. 어뮤즈코리아, W컨셉코리아가 트렌드랩성수점에서 함께합니다."
"소니엔젤 팝업 - 부산","25.12.12","26.01.31","부산 해운대구 센텀남대로 35 (우동), 신세계백화점센텀시티점","평소엔 '조기품절로 못 샀다…'는 말이 나올 정도로 희소성 100% 브랜드지만, 이번 부산 팝업은 히퍼, 히퍼루킹백, 산타 신상 포함 물량 대량 확보 완료."
"UGG 롯데백화점 대전점 팝업","25.09.12","26.01.31","대전 서구 계룡로 598, 롯데백화점 1층","어그의 계절 겨울. UGG의 상품들을 롯데백화점 대전점 팝업에서 확인해보세요."
"알파드라이브원 with 브링그린 팝업","26.01.13","26.01.31","서울 성동구 연무장7길 13 (성수동2가, 팩토리얼성수)","성분은 순하게 ALPHA, 효과는 빠르게 DRIVE! 브링그린과 알파드라이브원이 함께하는 팝업스토어"
"치이상점 팝업","26.01.01","26.01.31","경기 수원시 팔달구 덕영대로 924 (매산로1가, AK플라자)","아오키 치이상점이 수원 AK플라자에 팝업으로 찾아왔어요 아오키 치이상점만의 작고 귀여운 무드가 가득 담긴 상품들을 한자리에서 만날 수 있어요."
"명탐정 코난 추리게임 팝업","26.01.09","26.02.08","서울 마포구 홍익로2길 7, B1층","인기 극장판 <명탐정 코난 : 100만 달러의 펜타그램> 그 이후의 사건을 다룬, 누적 200만 명 이상이 참가한 일본 오리지널 명탐정 코난 대규모 추리 게임! 한국 최초 공개!"
"맥캘란 팝업","26.01.26","26.02.08","서울 성동구 서울숲2길 12 (성수동1가) 지하1층","뉴욕·스코틀랜드 헤리티지를 담은 위스키 브랜드 맥캘란이 티 오마카세 공간 오므오트에서 위스키와 차의 특별한 페어링을 선보입니다."
"러븀 팝업","26.01.28","26.02.08","서울 성동구 연무장길 81 (성수동2가, 남경빌딩), 성수 무신사 뷰티 스페이스 1","러븀의 피부 루틴 철학을 담은 첫 번째 팝업 스토어가 성수에서 열려요. 러븀이 제안하는 피부 루틴을 직접 체험해보세요."
"NEXT WAVE POP UP","25.12.24","26.02.18","서울 성동구 연무장길 73 2층","크리에이터 비즈니스 기업 '글로우업리즈'가 추천하는 브랜드를 한자리에 모아 오프라인에서 경험할 수 있습니다."
"스노우 하우스오브신세계 청담점 팝업","26.02.06","26.02.18","서울 강남구 도산대로 442, 하우스오브신세계 청담 지하1층","일본 디저트 브랜드 '스노우'가 하우스오브신세계 청담점서 팝업스토어를 오픈합니다."
"메이드바이 행운맨숀 팝업 - 홍대","26.01.08","26.02.19","서울 마포구 연희로 11 (동교동, 한국특허기술진흥원빌딩)","메이드바이 팝업 행운맨숀 OPEN! 전국 5개 지점에서 행운맨숀의 공간을 둘러보실 수 있는 룸투어 팝업을 진행합니다! 30인의 작가님과 함께 만든 인형 키링과 30종의 신상 인형 소품들, 그리고 다양한 행운맨숀 제품들까지!"
"치플레 팝업 - 송도현대프리미엄아울렛","25.08.22","26.02.20","인천 연수구 송도국제대로 123, 현대프리미엄아울렛 송도점 B1층","서울 3대 치즈케이크 '치플레'가 26년 2월까지 인천 송도 현대프리미엄아울렛에서 팝업스토어를 운영합니다."
"크록스 케이스 팝업 in 삼정타워","26.01.03","26.02.22","부산 부산진구 중앙대로 672, 삼정타워 2층","부산 삼정타워에서 크록스 케이스를 만나보세요! 아이폰, 갤럭시, 에어팟, 맥세이프 월렛. 모든 라인업을 만날 수 있어요."
"티팩토리 윈터마켓 : FOR MY NEXT CHAPTER","25.12.21","26.02.22","서울 성동구 연무장1길 7-1, T Factory 성수","T 팩토리가 준비한 특별한 윈터마켓 FOR MY NEXT CHAPTER에 초대합니다. FOR MY NEXT CHAPTER 윈터마켓에서 2025년의 나를 돌아보고 나의 다음 챕터를 펼쳐보세요."
"WISH BAKERY","26.02.07","26.02.22","서울 성동구 연무장13길 11, 슈매니아빌딩","NCT WISH 캐릭터 팝어 'WISH BAKERY'가 성수에 열립니다."
"레고 발렌타인데이 팝업스토어","26.02.05","26.02.25","서울 성동구 성수이로 74 (성수동2가), 무신사 스토어 성수 대림창고","무신사와 레고 코리아가 레고 꽃이 피어나는 '블룸 바(Bloom Bar)' 콘셉트로 발렌타인데이 팝업스토어를 운영합니다!"
"펍지 성수 윈터스쿨","26.01.17","26.02.27","서울 성동구 왕십리로4길 5 (성수동1가), PUBG 성수","펍지(PUBG) 성수에서 겨울 시즌을 맞아 윈터스쿨 이벤트가 진행됩니다. 배틀그라운드를 깊이 있게 배우는 e-sports 클래스부터 다양한 취향의 체험형 프로그램을 만나보세요."
"밀빛 더현대 서울 팝업","25.09.01","26.02.28","서울 영등포구 여의대로 108, 더현대 서울","황치즈, 말차, 체리, 블루베리, 흑절미, 왕밤 6가지 맛으로 꽉 채운 밀빛의 시그니처 맘모스를 이제 여의도에서 만나보세요."
"주술회전 X 서울스카이 전시","25.12.12","26.02.28","서울 송파구 올림픽로 300 (신천동), 롯데월드타워 서울스카이","[서울스카이X주술회전 회옥•옥절&시부야사변] 서울스카이 전망대 하늘 위로 영역전개!"
"크레페허브 타임빌라스 수원점 팝업","26.01.03","26.02.28","경기 수원시 권선구 세화로 134, 타임빌라스 수원 3F 다이닝 에비뉴","크레페 전문 브랜드, '크레페허브'가 타임빌라스 수원에 팝업스토어를 오픈했습니다."
"디즈니 X 아이스비스킷 팝업","26.01.22","26.02.28","서울 강남구 가로수길 82 (신사동), 캐리마켓 신사","디즈니와 아이스비스킷이 함께하는 사랑스러운 콜라보 팝업스토어가 캐리마켓 신사에서 열려요. 협업 컬렉션 상품 쇼핑은 물론, 스탬프 랠리와 가챠 이벤트까지 즐길 수 있어요."
"나 혼자만 레벨업 전시","25.12.13","26.03.01","서울 마포구 양화로 186 (동교동, LC TOWER)","세계를 위협하는 마수들에 맞서기 위해 우리에게 남은 희망은 각성자, 바로 당신입니다! 성진우 헌터의 여정을 체험하며 당신도 레벨업 할 수 있는 유일한 기회!"
"디앤드퀘스천 팝업 - 롯데월드몰","26.02.20","26.03.05","서울 송파구 올림픽로 300, 롯데월드몰 지하 1층","패션 브랜드 THE END QUESTION 팝업스토어가 잠실 롯데월드몰에 오픈합니다."
"A YEAR IN RUBY","26.03.05","26.03.11","서울 영등포구 여의대로 108, 더현대서울 B2층","제니의 1st Studio Album Ruby 발매 1주년을 기념하는 팝업 스토어가 더현대 서울에서 열립니다."
"온유 팝업 - TOUGH LOVE","26.03.08","26.03.15","서울 성동구 왕십리로 104, 영화104","샤이니 온유의 다섯 번째 미니앨범 발매를 기념해 ‘TOUGH LOVE’ 팝업이 성수에서 열립니다"
"나이키 에어맥스 팝업","26.03.05","26.03.15","서울 성동구 성수이로 74 (성수동2가), 무신사 스토어 성수","성수 무신사 스토어에서 나이키 에어맥스 팝업이 오픈합니다. 특별하게 꾸며진 포토존과 럭키드로우를 만나보세요"
"이클립스 월드 : Into the tincase","26.03.12","26.03.15","서울 성동구 성수이로 88 남정빌딩","상상만 하던 이클립스 포도향으로 가득 찬 이클립스 세상이 성수에?! 상쾌함을 퍼뜨리기 위한 미션과 달달한 포도향 가득한 기프트까지. 이클립스 월드 팝업에서 만나요!"
"온그리디언츠 이너글로우 VIP 라운지","26.01.31","26.03.16","서울 성동구 연무장길 65, LECT","청담샵이 선택한 화잘먹 국민 로션 성수 VIP 라운지에 초대합니다!"
"베이크 대전 신세계백화점 팝업","26.03.06","26.03.19","대전 유성구 엑스포로 1, 대전 신세계 Art&Science 지하1층","겉은 바삭, 속은 부드럽게, 프리미엄 치즈타르트 전문점 '베이크(BAKE)'의 팝업이 대전 신세계백화점에 오픈합니다."
"지읒리을 막걸리 팝업","26.01.18","26.03.20","서울 성동구 장터길 51 1층","CHILL & LIGHT. 크림처럼 부드럽고 과일처럼 달콤하다 인공감미료, 설탕 0% 무첨가 춘천의 당일 도정한 쌀로 빚는 찐 전통주 ㅈㄹ 막걸리!!"
"조앤프렌즈 팝업 - 부산","26.03.12","26.03.22","부산 해운대구 센텀남대로 35 (우동) 신세계 센텀시티 B2F","조앤프렌즈의 귀여운 캐릭터 굿즈를 만나볼 수 있는 조앤프렌즈 팝업이 신세계백화점 센텀시티에서 열립니다."
"코스모폴리탄 X 아이더 플렉션 하이브리드 트레일러 팝업 - 성수","26.03.19","26.03.22","서울 성동구 성수이로 88 (성수동2가) 남정빌딩","코스모폴리탄과 아이더의 협업으로 진행되는 플렉션 하이브리드 트레일러 팝업! 발 보행 분석 체험부터 퀴즈 이벤트, 스탭퍼 게임, 무게 맞추기 등 다양한 체험을 통해 하이킹 양말과 럭키드로우 선물을 만나보세요."
"레인메이커스 뷰티원더랜드 팝업스토어","26.03.18","26.03.22","서울 성동구 연무장길 73 XYZ SEOUL","신비로운 '뷰티 원더랜드'로 초대합니다! 한국에 처음 상륙하는 일본 뷰티 브랜드 17개를 직접 체험해 보세요. 메이크업, 향, 라이프스타일을 아우르는 감각적인 포토존과 구름 위 같은 공간에서 새로운 아름다움을 경험할 수 있습니다."
"Feenah THE DATE GALLERY","26.03.19","26.03.22","서울 성동구 연무장길 99 (성수동2가) The A","나의 하루와 감정을 컬러로 기록하는 공간! 피나(Feenah)의 신제품 'THE DATE BLUR CHEEK'를 직접 체험하고 나에게 딱 맞는 'DATE SHADE'를 찾아보세요. 팝업 현장만의 한정 혜택과 다채로운 체험이 준비되어 있습니다."
"클리어디어 프레시 마트 팝업","26.03.18","26.03.22","서울 성동구 연무장길 81 (성수동2가, 남경빌딩) 1층 무신사 뷰티 스페이스 1","클리어디어 프레시 마트 with 무신사 뷰티. 성수동 무신사 뷰티 스페이스에서 클리어디어 단독 팝업스토어가 오픈합니다. 직접 체험하고 즐길 수 있는 이벤트를 놓치지 마세요."
"디앤드퀘스천 팝업 - 롯데백화점 잠실점","26.03.06","26.03.23","서울 송파구 올림픽로 240 (잠실동, 롯데월드), 롯데백화점 잠실점 2층","패션 브랜드 THE END QUESTION 팝업스토어가 롯데백화점 잠실점에 오픈합니다. 2026 S/S 신상품과 굿즈를 만나보세요."
"김용일 개인전 : 그리움을 닮은 풍경","26.02.28","26.03.24","서울 강남구 언주로146길 9 (논현동, 행담빌딩), 갤러리벨비","누구에게나 소중한 집과 골목, 마당의 기억을 담아낸 김용일 작가의 개인전. 과거의 풍경을 넘어 우리 마음속 깊이 남아 있는 따뜻한 기억과 감정을 조용히 마주해 보세요. 따뜻한 봄날, 각자의 그리움을 닮은 풍경을 떠올릴 수 있는 전시입니다."
"에이글 대전 갤러리아 팝업","26.02.27","26.03.26","대전 서구 대덕대로 211, 갤러리아 타임월드점 6층","에이글이 갤러리아 대전 타임월드에서 2026년 두 번째 팝업을 선보입니다. 1853년부터 170년 간의 노하우로 만든 다양한 러버부츠와 2026년 S/S 신상품들도 직접 경험하실 수 있습니다."
"베어스랜드","26.03.10","26.03.27","서울 성동구 성수이로16길 5, 맵달SEOUL","베어스랜드는 스너글과의 콜라보레이션을 통해 두산베어스의 헤리티지와 감성을 부드럽게 풀어낸 온가족 참여형 야구 테마파크형 팝업 전시입니다."
"STAY in Spotlight","26.03.20","26.03.29","서울 성동구 연무장길 65 LECT 성수","비오레(Biore)의 글로벌 팝업스토어 'STAY in Spotlight'가 성수에 상륙합니다! 3월 20일부터 29일까지 진행되는 이번 이벤트에서 Biore UV를 직접 경험하고, 빛나는 피부를 위한 특별한 여정을 함께해 보세요."
"ZUTOMAYO INTENSE II IN SEOUL","26.03.12","26.03.29","서울 성동구 아차산로5길 24-14, 동원아이피","지성의 일그러짐, 부패와 재생 새로운 숙성 전략에 대해 생각하는, 줄줄이 사이언스 클럽 ZOMBIE CRAB LABO에 오신 것을 환영합니다"
"티팩토리 성수 갤럭시 마켓 이벤트","26.02.27","26.03.29","서울 성동구 연무장1길 7-1 (성수동2가) T Factory 성수","티팩토리 성수에서 갤럭시 사전예약 체험형 팝업이 열려요 총 6가지 코너를 돌면서 갤럭시 혜택을 직접 체험해보세요."
"2026 쿠에른 더 빌리지 플라워 전시","26.02.13","26.03.29","서울 성동구 성수이로 71, 쿠에른 더 빌리지","쿠에른 더 빌리지에서 카페씨떼가 선정한 3월의 도시 제주를 테마로 한 플라워 전시 <Folded Lands : 오름의 곡선에 핀 도시꽃들>이 진행됩니다. 전시 기간 동안 태너리 3층에서는 임지숙 플로리스트의 특별한 플라워 클래스도 열립니다."
"마이티즈 원더 룸 (홍대)","26.03.23","26.03.29","서울 마포구 양화로 141 (동교동, 롯데호텔 L7홍대), 케이팝 스퀘어 홍대","에이티즈 캐릭터 '마이티즈'의 팝업스토어 MIGHTEEZ Wonder Room이 서울 홍대에서 열립니다 요정들의 공간을 콘셉트로 꾸며진 이번 팝업에서 다양한 제품들을 확인해 보세요"
"무신사 킥스 성수 오픈 이벤트","26.03.19","26.03.31","서울 성동구 성수이로 96 (성수동2가, 호텔포코)","스니커즈 쇼핑의 새로운 성지, 무신사 킥스 성수 오픈! 한정판 스니커즈 발매부터 풍성한 할인 혜택까지 준비되어 있습니다. 성수에서만 만날 수 있는 다양한 발매 상품과 쇼핑의 즐거움을 경험해 보세요."
"집집: 소중한 잡동사니마켓","26.03.01","26.03.31","서울 성동구 성수일로 33","집집 스핀오프는 문구, 일러스트, 핸드메이드 브랜드들이 모여 취향을 나누는 소규모 문화 마켓입니다. 가까운 거리에서 작가님들과 직접 이야기하고, 머물 수 있는 공간입니다."
"밀빛 X 롯데월드몰 팝업","25.11.01","26.03.31","서울 송파구 올림픽로 300, 롯데월드몰","밀빛의 시그니처 맘모스 6종과 쫀득빵 6종을 잠실 롯데월드몰에서 만나보세요."
"러쉬 성수 팝업씨어터: 비 마이 커튼콜","26.01.27","26.03.31","서울 성동구 연무장길 58-1, 2층","[매주 화요일] 1회차 - 16:00 / 2회차 - 17:00 : 우리는 모두,사랑 앞에서 조금은 떨리고 조금은 용감해집니다. 커튼콜의 배우들이 부르는 떨리는 사랑의 노래에 따뜻한 마음으로 응답해주세요!"
"레터프롬문 팝업","26.02.27","26.03.31","서울 성동구 연무장5길 6 (성수동2가, 천일정공사), 데이지크 성수 플래그십스토어 3층","감성 라이프스타일 브랜드 레터프롬문이 데이지크 성수 플래그십스토어에서 팝업을 진행해요 가챠 이벤트와 럭키드로우, 달콤한 디저트까지 준비된 공간에서 레터프롬문만의 감성을 천천히 느껴보세요"
"매든 X 탄산마그네슘 팝업","26.03.01","26.03.31","서울 성동구 성수이로 78 무신사 MSS 성수 대림창고","스타일리시한 무드의 'MADDEN'과 힙한 감성의 '탄산마그네슘'이 만나 무신사 성수 대림창고에 떴습니다! 3월 한 달간 진행되는 이번 콜라보의 정수가 담긴 유니크한 의류와 아이템을 직접 경험해 보세요."
"로우백 팝업","26.03.05","26.03.31","서울 성동구 연무장15길 11 (성수동2가) EQL 성수","감성 라이프스타일 브랜드 '로우백' 팝업스토어가 EQL 성수에서 진행됩니다! 신제품을 비롯해 테이블매트, 홈웨어, 타월 등 일상을 채워주는 로우백의 다양한 아이템들을 직접 만나보고 감각적인 라이프스타일을 경험해 보세요."
"조셉앤스테이시 X 몬치치 팝업","26.03.18","26.04.01","서울 강남구 언주로168길 24 (신사동)","니트백 브랜드 조셉앤스테이시가 귀여운 캐릭터 몬치치와 함께 콜라보 컬렉션을 만나볼 수 있는 팝업이 찾아왔어요."
"소머드 팝업","26.03.01","26.04.02","서울 중구 남대문로 81, 롯데백화점 본점 8층 (소공동)","소머드는 한국 전통문화인 온돌의 지혜를 매트리스에 고스란히 담아낸 매트리스입니다. 온열에 마사지까지 탑재된 매트리스를 체험해보세요."
"서울도시제조허브 3월 전시회 : 다시, 봄","26.03.18","26.04.03","서울 성동구 아차산로17길 9 (성수동2가, 서울도시제조허브)","겨울이 지나 찾아온 계절의 '봄'처럼 익숙해서 지나쳤던 가치들을 다시 한번 '봄'으로써 사회적기업과 소상공인의 이야기와 의미를 함께 만나는 스토리텔링 전시입니다."
"새로중앙박물관 팝업스토어","26.03.21","26.04.05","서울 성동구 연무장13길 11 1층","성수동에 나타난 새로중앙박물관! 천 년의 세월을 간직한 '새로 소주 천년의 비법서'를 대중에게 최초로 공개합니다. 도난당한 비법서를 되찾는 흥미로운 스토리와 함께 새로구미의 흔적을 조명하는 특별한 전시를 경험해 보세요."
"월리를 찾아라 특별전 : 신기한 책 속 여행","25.12.22","26.04.05","서울 성동구 서울숲2길 32-14, 서울숲 더서울라이티움","신기한 책 속 여행 전 세계가 사랑한 ‘월리를 찾아라!’가 현실 세계로?"
"루미르 X 무신사뷰티 팝업스토어","26.03.25","26.04.05","서울 성동구 연무장길 81 1층 103호 무신사 뷰티 스페이스1","루미르의 2026년 첫 성수 팝업스토어가 오픈합니다!"
"마이티즈 원더 룸 (부산)","26.03.23","26.04.05","부산 해운대구 센텀남대로 35 (우동), 신세계 센텀시티","에이티즈 캐릭터 '마이티즈'의 팝업스토어 MIGHTEEZ Wonder Room이 부산에서 열립니다 요정들의 공간을 콘셉트로 꾸며진 이번 팝업에서 다양한 제품들을 확인해보세요"
"24h디저트하우스 인천파라다이스호텔팝업","26.03.06","26.04.05","인천 중구 영종해안남로321번길 186 파라다이스시티 플라자 1층","직접 로스팅하고 맷돌로 갈아 만든 진한 피스타치오 스프레드! 24h디저트하우스만의 '진짜' 두바이 쫀득쿠키를 만나보세요. 프리미엄, 누텔라, 로투스 등 겉은 쫀득하고 속은 꽉 찬 독보적인 식감의 디저트 세계가 펼쳐집니다."
"메이드바이 행운맨숀 팝업 - 성수","26.01.06","26.04.07","서울 성동구 서울숲길 38 (성수동1가)","메이드바이 팝업 행운맨숀 OPEN! 전국 5개 지점에서 행운맨숀의 공간을 둘러보실 수 있는 룸투어 팝업을 진행합니다! 30인의 작가님과 함께 만든 인형 키링과 30종의 신상 인형 소품들, 그리고 다양한 행운맨숀 제품들까지!"
"메이드바이 행운맨숀 팝업 - 서면","26.01.06","26.04.07","부산 부산진구 전포대로199번길 34 (전포동, 카페 라비앙로즈)","메이드바이 팝업 행운맨숀 OPEN! 전국 5개 지점에서 행운맨숀의 공간을 둘러보실 수 있는 룸투어 팝업을 진행합니다! 30인의 작가님과 함께 만든 인형 키링과 30종의 신상 인형 소품들, 그리고 다양한 행운맨숀 제품들까지!"
"메이드바이 행운맨숀 팝업 - 연남","26.01.07","26.04.08","서울 마포구 동교로 271 (연남동, 영광빌딩)","메이드바이 팝업 행운맨숀 OPEN! 전국 5개 지점에서 행운맨숀의 공간을 둘러보실 수 있는 룸투어 팝업을 진행합니다! 30인의 작가님과 함께 만든 인형 키링과 30종의 신상 인형 소품들, 그리고 다양한 행운맨숀 제품들까지!"
"메이드바이 행운맨숀 팝업 - 대전","26.01.07","26.04.08","대전 중구 중교로73번길 14 (은행동)","메이드바이 팝업 행운맨숀 OPEN! 전국 5개 지점에서 행운맨숀의 공간을 둘러보실 수 있는 룸투어 팝업을 진행합니다! 30인의 작가님과 함께 만든 인형 키링과 30종의 신상 인형 소품들, 그리고 다양한 행운맨숀 제품들까지!"
"크래킹커피 스타필드수원 팝업","26.01.07","26.04.08","경기 수원시 장안구 수성로 175, 스타필드수원 7층","프렌치토스트와 크래킹라떼로 유명한 '크래킹커피'가 스타필드 수원에 팝업을 오픈합니다."
"아크로 라운지 압구정","26.03.12","26.04.09","서울 강남구 언주로 840","아크로 라운지 압구정은 아크로가 축적해온 설계 철학과 주거 라이프스타일을 경험할 수 있는 브랜드 라운지예요. 브랜드 아카이브 콘텐츠를 통해 아크로가 제안하는 하이엔드 주거 가치를 만나보세요."
"스틸케이스 부산 팝업스토어","26.02.12","26.04.09","부산 해운대구 달맞이길65번길 148 1층","스틸케이스 베스트셀러 립체어, 제스처 체어를 무브먼트랩 부산에서 체험해 보세요."
"넘버링 랩 성수 팝업스토어","26.03.19","26.04.09","서울 성동구 연무장17길 4","넘버링 랩은 주얼리 취향과 감각을 탐구해 온 브랜드의 태도를 연구실이라는 컨셉으로 구현한 공간입니다. 10년 동안 사랑받아 온 브랜드 '넘버링'의 신뢰를 경험, 가치, 큐레이션으로 구성한 팝업스토어에서 다양한 혜택과 경험을 만나보세요"
"우즈유니버스 연합 팝업","26.04.03","26.04.11","서울 성동구 연무장길 65 (성수동2가, 영남공업사) LECT 성수","뷰티 브랜드들의 세계관을 한 자리에서 만나볼 수 있는 우즈유니버스 연합 팝업이 성수 LECT에서 열려요. 각 브랜드가 지닌 다양한 가능성과 콘셉트를 새로운 방식으로 풀어낸 공간에서 다양한 브랜드 체험과 제품을 만나보세요"
"한교동 팝업 - 부산","26.03.14","26.04.12","부산 해운대구 구남로 17 (우동)","한교동의 생일을 기념해 부산에서 팝업스토어가 열립니다 부산 한정 굿즈와 팝업 한정 카페 메뉴를 함께 만나보세요"
"SUNLIGHT IS YOUR SPOTLIGHT","26.04.02","26.04.13","서울 성동구 연무장7길 13 트렌드팟 바이 올리브영N 성수","비오레와 함께라면 당신을 비추는 햇살이 당신의 스포트라이트가 됩니다. 비오레 X 트렌드팟 바이 올리브영N 성수 팝업 스토어 'SUNLIGHT IS YOUR SPOTLIGHT'에 여러분을 초대합니다."
"하이큐 팝업","26.03.24","26.04.15","서울 마포구 양화로 188 (동교동) AK 플라자 홍대 4층 LIMITION","하이큐!! 쉬는 시간 팝업스토어가 AK플라자 홍대에 오픈했습니다."
"베네데타 보롤리 팝업","26.03.19","26.04.18","서울 성동구 상원1길 11 (성수동1가)","이탈리아 럭셔리 슈즈 브랜드 ‘베네데타 보롤리’팝업 스토어가 성수동에 오픈했습니다."
"명조X갤럭시 스토어 팝업 : 치사와 방과후의 약속","26.04.09","26.04.22","서울 마포구 양화로 171, 삼성스토어 홍대","벚꽃이 만개하는 봄, 치사와 함께하는 설렘이 가득한 공간으로 초대합니다."
"Slack 캠프그라운드 팝업","26.04.24","26.04.25","서울 강남구 영동대로 513, 코엑스 잔디광장","Slack 최초의 팝업 이벤트, Slack 캠프그라운드에 초대합니다."
"쿠팡 알럭스 팝업 : Salon de R.LUX","26.01.30","26.04.26","서울 성동구 연무장11길 11 (성수동2가, 1111빌딩) 1층","럭셔리 뷰티의 정점, 쿠팡 알럭스를 성수에서 직접 경험하세요. 뷰티 체험은 물론 프리미엄 커피와 위스키 시음까지 즐기는 오감 만족의 시간! 미션 완료 시 증정되는 럭셔리 뷰티 키트와 에코백 등 풍성한 기프트가 기다리고 있습니다. 매주 금요일 오픈되는 사전예약의 기회를 선점하세요."
"캐리랜드 쁘띠팩토리 팝업","26.03.17","26.04.30","서울 강남구 가로수길 82 (신사동), 캐리마켓 신사","그냥 지나치기엔 너무 귀여운 쁘띠팩토리가 캐리마켓 신사에 찾아왔어요! 보기만 해도 기분 좋아지는 캐릭터 아이템을 인형, 키링, 폰케이스, 문구, 스티커, 잡화까지 다양하게 만나볼 수 있어요"
"김영상회 팝업","26.05.01","26.05.07","부산 부산진구 가야대로 772, 롯데백화점 부산본점 지하 1층","일본 인기 간식들을 한자리에서 만나볼 수 있는 팝업이 오픈했습니다. 롯데백화점 부산본점에서 7일간 운영되는 팝업에서 실패 없는 인기 일본 간식들을 직접 경험해보세요."
"헌터X헌터 X 애니플러스 콜라보 카페 (합정)","26.03.26","26.05.10","서울 마포구 월드컵로3길 14 (합정동, 마포 한강 2차 푸르지오) 딜라이트 스퀘어 B동 B101호","세계 최고의 헌터가 돼서 반드시 집으로 돌아갈게! 헌터x헌터 X 애니플러스 콜라보 카페가 오픈했습니다."
"빵고미 빵집 캐릭터 팝업","26.04.24","26.05.10","부산 중구 중앙대로 2 (중앙동7가) 롯데백화점 광복점 지하 1층","귀여운 곰 캐릭터 빵고미! 빵을 좋아하는 곰, '빵고미'의 '빵 없는 빵집'이 오픈했습니다. 인형, 키링, 핀버튼 등 굿즈를 만나보세요."
"오브에르 팝업","26.04.24","26.05.14","서울 중구 남대문로 81, 롯데백화점 본점 9층","도시를 살아가는 여성의 라이프스타일에서 영감을 받은 여성 패션 브랜드 ‘오브에르’ 팝업스토어가 롯데백화점 본점에서 진행돼요."
"쿠키런: 킹덤 아트 콜라보 프로젝트 - 위대한 왕국의 유산","26.01.23","26.05.17","서울 종로구 인사동9길 26, 아라아트센터","대한민국에서 가장 뜨거운 IP ‘쿠키런: 킹덤’과 전통 공예, 인터랙티브 미디어아트가 결합된 대형 전시형 팝업이에요. 약 860평 규모의 인사동 아라아트센터 전체를 활용해 10점의 장인 콜라보 작품과 12개 콘셉트 공간을 구성, 가족·연인·팬덤까지 폭넓은 타깃이 몰입형 경험을 즐길 수 있습니다."
"그 비스크 돌은 사랑을 한다 X 애니플러스 콜라보 카페 (합정)","26.04.02","26.05.17","서울 마포구 월드컵로3길 14 (합정동, 마포 한강 2차 푸르지오) 애니플러스 서울합정점","그 비스크 돌은 사랑을 한다 시즌2 콜라보 카페 개최!"
"ROSIE ENCORE POP-UP in BUSAN","26.04.17","26.05.17","부산 해운대구 달맞이길 30, BUSAN X the SKY 100F","<rosie> 발매 1주년을 기념하는 ‘one year of rosie’ 앙코르 팝업입니다. BUSAN X the SKY 100층에서 전시와 팝업, 전망대를 한 번에 즐길 수 있어요. 사전예약 시 전망대 입장권 할인과 함께, 팝업 한정 포토 스팟과 굿즈를 차분히 둘러보고 부산 바다 뷰까지 이어지는 루트라, 로제 팬은 물론 주말 나들이 코스로도 잘 어울리는 공간이에요."
"치이카와 베이비 팝업 IN 부산","26.04.30","26.05.17","부산 해운대구 센텀남대로 35, 신세계백화점 센텀시티점 B2 하이퍼그라운드","아장아장. 치이카와 베이비가 부산에 왔어요. 서울 팝업에서 보지 못했던 아이템까지 한 번에 둘러볼 수 있는 팝업이에요. 방문 고객에게는 홀로그램 스티커, 일정 금액 이상 구매 시 신용카드 스티커를 1인 1매 증정하는 이벤트도 준비되어 있어요."
"기억가게 2026 - 다시 쓰는 마음","26.05.07","26.05.17","서울 중구 소공로 36, 모리함 전시관","아름다운가게가 진행하는 ‘기억가게’는 물건의 물리적인 수명을 넘어서, 그 안에 담긴 개인의 기억과 이야기를 함께 나누는 특별한 기획 전시예요. 정성스레 담긴 물건과 사연을 통해 일상의 기록들을 천천히 되짚어볼 수 있어요."
"와사비베어 팝업 - 메롱도 사랑이다","26.04.23","26.05.20","서울 용산구 청파로45길 34, 어티피컬 갤러리","핸드메이드 인형 작가 ‘슈가레인’이 만든 캐릭터 IP 와사비베어의 전시형 팝업 ‘메롱도 사랑이다’가 어티피컬 갤러리에서 진행돼요."
"마사비스 X 여의도 IFC몰 팝업","25.11.28","26.05.22","서울 영등포구 국제금융로 10, IFC몰","일본 프리미엄 쉬폰케이크 브랜드 마사비스가 여의도 IFC몰 팝업 스토어를 오픈했어요."
"유미의 세포들3 팝업","26.05.12","26.05.24","서울 중구 장충단로13길 20, 현대시티아울렛 동대문점 B1 에버라인 스토어","드라마 '유미의 세포들3' 팝업스토어가 오픈했어요. 다양한 굿즈와 세포 세계관을 현장에서 즐길 수 있는 팝업스토어예요."
"탄산마그네슘 팝업","26.04.10","26.05.25","서울 중구 명동8길 40, 에이랜드 명동점","스트릿 무드와 감각적인 디자인으로 사랑받는 패션 브랜드 ‘탄산마그네슘’이 명동 에이랜드에서 단독 팝업을 진행해요. 전 제품 최대 30% 할인 혜택으로 핵심 아이템을 합리적인 가격에 경험할 수 있어요."
"바이리네 현대백화점 충청점 팝업","26.05.01","26.05.25","충북 청주시 흥덕구 직지대로 308, 현대백화점 충청점 5층","미니멀한 미학을 담은 리빙·가구 브랜드 바이리네가 현대백화점 충청점에서 새로운 리빙 씬을 선보입니다. 계절감이 짙어지는 5월, 노브·오슬로 다이닝 등 바이리네의 주요 컬렉션을 한자리에서 확인해 보세요."
"카일로 팝업","26.05.14","26.05.25","서울 종로구 자하문로8길 24 1층","특별한 날을 위한 옷이 일상 속에도 자연스럽게 스며드는 순간에 집중한 '카일로'의 팝업스토어예요. 과하게 꾸민 느낌을 덜어내고, 입는 사람의 자유로운 감각을 살린 컬렉션과 신제품을 직접 만나볼 수 있어요"
